"question","answer","ground_truth","score"
"GPT-4o-miniの特徴は？","GPT-4o-miniは、OpenAIが開発した小型の言語モデルです。その特徴には以下の点があります。

1. **軽量性**: サイズが小さく、リソースの少ないデバイスでも動作可能です。
2. **高速応答**: 軽量なので、応答速度が速いです。
3. **適応性**: 様々なタスクに適応しやすく、柔軟な利用が可能です。
4. **コスト効率**: 小型モデルのため、運用コストが低く抑えられます。
5. **簡易な実装**: システムへの統合が比較的容易です。

全体として、GPT-4o-miniはリソースに制約のある環境でも利用できることを目指したモデルです。","小型で高速・軽量な多目的LLM","0.0"
"Prompt Flowの利点は？","Prompt Flowの利点は以下の通りです：

1. **効率的なプロトタイピング**: 簡単にアイデアを試すことができ、迅速なフィードバックが得られる。
2. **柔軟性**: 様々なモデルや入力形式に対応しやすい。
3. **可視化**: プロンプトの流れを可視化することで、理解しやすくなる。
4. **共同作業**: 複数のメンバーが同時に作業しやすい環境を提供。
5. **デバッグや最適化**: プロンプトの調整が容易で、効果的な結果を得やすい。
6. **再利用性**: 作成したプロンプトを再利用でき、効率的な開発が可能。

これらを通じて、効果的にAIを活用することができます。","",""
